{"cameraMode":{"drawMode":0,"name":"Shaded","section":"Shading Mode"},"sceneLighting":false,"audioPlay":false,"sceneViewState":{"showFog":true,"showMaterialUpdate":true,"showSkybox":false,"showFlares":true,"showImageEffects":true,"showParticleSystems":true},"in2DMode":false,"pivot":{"x":-2.2605342864990236,"y":0.15052662789821626,"z":17.17269515991211},"rotation":{"x":0.03461450710892677,"y":-0.1035754457116127,"z":0.0036580879241228105,"w":0.994154691696167},"size":23.68998146057129,"orthographic":false}