{"cameraMode":{"drawMode":0,"name":"Shaded","section":"Shading Mode"},"sceneLighting":true,"audioPlay":false,"sceneViewState":{"showFog":true,"showMaterialUpdate":true,"showSkybox":false,"showFlares":true,"showImageEffects":true,"showParticleSystems":true},"in2DMode":false,"pivot":{"x":-1.1574456691741944,"y":2.214527130126953,"z":56.93157196044922},"rotation":{"x":0.04829580709338188,"y":-0.030600840225815774,"z":0.001099656568840146,"w":0.9987068176269531},"size":21.065629959106447,"orthographic":false}