{"cameraMode":{"drawMode":0,"name":"Shaded","section":"Shading Mode"},"sceneLighting":true,"audioPlay":false,"sceneViewState":{"showFog":true,"showMaterialUpdate":true,"showSkybox":false,"showFlares":true,"showImageEffects":true,"showParticleSystems":true},"in2DMode":false,"pivot":{"x":-10.486927032470704,"y":3.1924519538879396,"z":42.296630859375},"rotation":{"x":-0.030353205278515817,"y":0.6349195241928101,"z":-0.024984916672110559,"w":-0.7720560431480408},"size":12.986589431762696,"orthographic":false}