{"cameraMode":{"drawMode":0,"name":"Shaded","section":"Shading Mode"},"sceneLighting":true,"audioPlay":false,"sceneViewState":{"showFog":true,"showMaterialUpdate":true,"showSkybox":false,"showFlares":true,"showImageEffects":true,"showParticleSystems":true},"in2DMode":false,"pivot":{"x":4.393202781677246,"y":1.7277380228042603,"z":23.86945343017578},"rotation":{"x":-0.018308717757463456,"y":-0.006585096940398216,"z":0.00014410137373488396,"w":-0.999869704246521},"size":29.92762565612793,"orthographic":false}