{"cameraMode":{"drawMode":0,"name":"Shaded","section":"Shading Mode"},"sceneLighting":false,"audioPlay":false,"sceneViewState":{"showFog":true,"showMaterialUpdate":true,"showSkybox":false,"showFlares":true,"showImageEffects":true,"showParticleSystems":true},"in2DMode":false,"pivot":{"x":9.739148139953614,"y":4.669095039367676,"z":20.403961181640626},"rotation":{"x":0.0010214443318545819,"y":-0.9980682134628296,"z":-0.011652844026684761,"w":-0.06595025211572647},"size":68.25534057617188,"orthographic":false}