{"cameraMode":{"drawMode":0,"name":"Shaded","section":"Shading Mode"},"sceneLighting":true,"audioPlay":false,"sceneViewState":{"showFog":true,"showMaterialUpdate":true,"showSkybox":false,"showFlares":true,"showImageEffects":true,"showParticleSystems":true},"in2DMode":false,"pivot":{"x":15.576430320739746,"y":1.839891791343689,"z":28.07453727722168},"rotation":{"x":0.016169453039765359,"y":0.6953898668289185,"z":-0.016098614782094957,"w":0.7187363505363464},"size":23.427724838256837,"orthographic":false}