{"cameraMode":{"drawMode":0,"name":"Shaded","section":"Shading Mode"},"sceneLighting":true,"audioPlay":false,"sceneViewState":{"showFog":true,"showMaterialUpdate":true,"showSkybox":false,"showFlares":true,"showImageEffects":true,"showParticleSystems":true},"in2DMode":false,"pivot":{"x":17.691282272338868,"y":-3.457282304763794,"z":15.101262092590332},"rotation":{"x":0.08566055446863175,"y":0.3547045588493347,"z":-0.03269237279891968,"w":0.930549144744873},"size":32.34484100341797,"orthographic":false}