{"cameraMode":{"drawMode":0,"name":"Shaded","section":"Shading Mode"},"sceneLighting":true,"audioPlay":false,"sceneViewState":{"showFog":true,"showMaterialUpdate":true,"showSkybox":false,"showFlares":true,"showImageEffects":true,"showParticleSystems":true},"in2DMode":false,"pivot":{"x":-19.779844284057618,"y":4.349920272827148,"z":44.50728225708008},"rotation":{"x":0.012263750657439232,"y":0.6469744443893433,"z":0.01057927031069994,"w":-0.7627169489860535},"size":21.010000228881837,"orthographic":false}