{"cameraMode":{"drawMode":0,"name":"Shaded","section":"Shading Mode"},"sceneLighting":true,"audioPlay":false,"sceneViewState":{"showFog":true,"showMaterialUpdate":true,"showSkybox":false,"showFlares":true,"showImageEffects":true,"showParticleSystems":true},"in2DMode":false,"pivot":{"x":-12.641242980957032,"y":-0.40656542778015139,"z":59.00032424926758},"rotation":{"x":-0.06855983287096024,"y":0.794814944267273,"z":-0.09119368344545365,"w":-0.5964941382408142},"size":22.0,"orthographic":false}