{"cameraMode":{"drawMode":0,"name":"Shaded","section":"Shading Mode"},"sceneLighting":true,"audioPlay":false,"sceneViewState":{"showFog":true,"showMaterialUpdate":true,"showSkybox":false,"showFlares":true,"showImageEffects":true,"showParticleSystems":true},"in2DMode":false,"pivot":{"x":-6.735044479370117,"y":3.5401079654693605,"z":22.410934448242189},"rotation":{"x":0.1155027523636818,"y":0.7532533407211304,"z":-0.1372315138578415,"w":0.6331137418746948},"size":3.290163040161133,"orthographic":false}