{"cameraMode":{"drawMode":0,"name":"Shaded","section":"Shading Mode"},"sceneLighting":true,"audioPlay":false,"sceneViewState":{"showFog":true,"showMaterialUpdate":true,"showSkybox":false,"showFlares":true,"showImageEffects":true,"showParticleSystems":true},"in2DMode":false,"pivot":{"x":-14.565082550048829,"y":4.152454376220703,"z":195.26170349121095},"rotation":{"x":-0.045416705310344699,"y":-0.3804527223110199,"z":-0.018891580402851106,"w":0.9238827228546143},"size":23.076194763183595,"orthographic":false}