{"cameraMode":{"drawMode":0,"name":"Shaded","section":"Shading Mode"},"sceneLighting":true,"audioPlay":false,"sceneViewState":{"showFog":true,"showMaterialUpdate":true,"showSkybox":false,"showFlares":true,"showImageEffects":true,"showParticleSystems":true},"in2DMode":false,"pivot":{"x":2.0968716144561769,"y":1.7373974323272706,"z":28.179338455200197},"rotation":{"x":0.04077916964888573,"y":0.032368551939725879,"z":-0.0016336111584678293,"w":0.9989681243896484},"size":10.608083724975586,"orthographic":false}