{"cameraMode":{"drawMode":0,"name":"Shaded","section":"Shading Mode"},"sceneLighting":true,"audioPlay":false,"sceneViewState":{"showFog":true,"showMaterialUpdate":true,"showSkybox":false,"showFlares":true,"showImageEffects":true,"showParticleSystems":true},"in2DMode":false,"pivot":{"x":0.49910682439804079,"y":-1.068057656288147,"z":25.600065231323243},"rotation":{"x":0.10352179408073425,"y":-0.04656539484858513,"z":0.004795464221388102,"w":0.9936209917068481},"size":24.282011032104493,"orthographic":false}