{"cameraMode":{"drawMode":0,"name":"Shaded","section":"Shading Mode"},"sceneLighting":true,"audioPlay":false,"sceneViewState":{"showFog":true,"showMaterialUpdate":true,"showSkybox":false,"showFlares":true,"showImageEffects":true,"showParticleSystems":true},"in2DMode":false,"pivot":{"x":-1.263862133026123,"y":2.874082565307617,"z":36.78548812866211},"rotation":{"x":0.005725433584302664,"y":-0.38801226019859316,"z":0.002662602812051773,"w":0.9218952059745789},"size":4.1901631355285648,"orthographic":false}