{"cameraMode":{"drawMode":0,"name":"Shaded","section":"Shading Mode"},"sceneLighting":true,"audioPlay":false,"sceneViewState":{"showFog":true,"showMaterialUpdate":true,"showSkybox":false,"showFlares":true,"showImageEffects":true,"showParticleSystems":true},"in2DMode":false,"pivot":{"x":8.975448608398438,"y":0.39764684438705447,"z":12.1380615234375},"rotation":{"x":0.04895109683275223,"y":0.1817539781332016,"z":-0.009104089811444283,"w":0.9821193814277649},"size":19.597612380981447,"orthographic":false}